{"NSW Barwon Darling": 65906.372034, "NSW Border Rivers": 65294.793867500004, "NSW Gwydir": 70580.34016666666, "NSW Lachlan": 27733.435546875, "NSW Lower Darling": 865.0050249076824, "NSW Macquarie-Castlereagh": 59087.6953125, "NSW Murray Above": 1475.994508289099, "NSW Murrumbidgee": 90510.1796875, "NSW Namoi": 93209.72786837003, "QLD Border Rivers": 80525.83051000001, "QLD Condamine-Balonne": 163740.7491, "QLD Moonie": 3798.5769811199993}